{
  "book_list": [
    {
      "name": "React ",
      "author": "Shamshad Ahamad",
      "edition": "5th",
      "price": "300",
      "pages": "498",
      "description": "React is Single page Application",
      "id": "3759"
    },
    {
      "id": "6836",
      "name": "HTML",
      "author": "Shamshad",
      "edition": "5th",
      "price": "399",
      "pages": "600",
      "description": "Html tags"
    },
    {
      "id": "db60",
      "name": "HTML & CSS",
      "author": "Shamshad",
      "edition": "5th",
      "price": "399",
      "pages": "600",
      "description": "Html tags"
    },
    {
      "name": "HTML & react",
      "author": "Shamshad",
      "edition": "5th",
      "price": "399",
      "pages": "600",
      "description": "Html tags",
      "id": "8210"
    },
    {
      "id": "ea3d",
      "name": "Bootstrap",
      "author": "Shamshad",
      "edition": "3",
      "price": "700",
      "pages": "999",
      "description": "Framework for HTML, CSS & javascript"
    },
    {
      "name": "java ",
      "author": "James Goslin",
      "edition": "22th",
      "price": "600",
      "pages": "491",
      "description": "this is object oriented programming language",
      "id": "7d97"
    }
  ]
}